{"data_quality":{"rows":25,"columns":5,"missing_values":{"rank":0,"title":0,"year":0,"rating":0,"link":0},"dtypes":{"rank":"float64","title":"object","year":"float64","rating":"float64","link":"object"},"stats":{"rank":{"count":25.0,"unique":null,"top":null,"freq":null,"mean":8.881784197e-18,"std":1.0206207262,"min":-1.6641005887,"25%":-0.8320502943,"50%":0.0,"75%":0.8320502943,"max":1.6641005887},"title":{"count":25,"unique":25,"top":"1. The Shawshank Redemption","freq":1,"mean":null,"std":null,"min":null,"25%":null,"50%":null,"75%":null,"max":null},"year":{"count":25.0,"unique":null,"top":null,"freq":null,"mean":0.0,"std":1.0206207262,"min":-2.3874286731,"25%":-0.7514307638,"50%":0.3204299353,"75%":0.6024985404,"max":1.4487043555},"rating":{"count":25.0,"unique":null,"top":null,"freq":null,"mean":-0.0,"std":1.0206207262,"min":-1.1059630927,"25%":-0.5939431424,"50%":-0.0819231921,"75%":0.9421167086,"max":2.4781765596},"link":{"count":25,"unique":25,"top":"https:\/\/www.imdb.com\/title\/tt0111161\/","freq":1,"mean":null,"std":null,"min":null,"25%":null,"50%":null,"75%":null,"max":null}}},"ml_analysis":{"anomaly_counts":{"1":23,"-1":2},"cluster_counts":{"1":13,"0":8,"2":4},"cluster_centers":[[-1.178737917,-0.032155821,1.2621291775],[0.5013636389,0.5070291664,-0.5545569924],[0.7280440075,-1.5835331487,-0.72194813]],"summary_statistics":{"rank":{"mean":8.881784197e-18,"std":1.0206207262,"min":-1.6641005887,"max":1.6641005887},"year":{"mean":0.0,"std":1.0206207262,"min":-2.3874286731,"max":1.4487043555},"rating":{"mean":-0.0,"std":1.0206207262,"min":-1.1059630927,"max":2.4781765596}},"correlations":{"rank":{"rank":1.0,"year":-0.0516329585,"rating":-0.9457784978},"year":{"rank":-0.0516329585,"year":1.0,"rating":0.0690003701},"rating":{"rank":-0.9457784978,"year":0.0690003701,"rating":1.0}}}}