{"data_quality":{"rows":144,"columns":2,"missing_values":{"Month":0,"#Passengers":0},"dtypes":{"Month":"object","#Passengers":"float64"},"stats":{"Month":{"count":144,"unique":144,"top":"1949-01","freq":1,"mean":null,"std":null,"min":null,"25%":null,"50%":null,"75%":null,"max":null},"#Passengers":{"count":144.0,"unique":null,"top":null,"freq":null,"mean":1.973729822e-16,"std":1.003490412,"min":-1.474696985,"25%":-0.8389746151,"50%":-0.123786949,"75%":0.6708660133,"max":2.8582528518}}},"ml_analysis":{"anomaly_counts":{"1":136,"-1":8},"cluster_counts":{"2":69,"0":44,"1":31},"cluster_centers":[[0.3045271955],[1.4872403894],[-0.8623717199]],"summary_statistics":{"#Passengers":{"mean":1.973729822e-16,"std":1.003490412,"min":-1.474696985,"max":2.8582528518}},"correlations":{"#Passengers":{"#Passengers":1.0}}}}