{"data_quality":{"rows":100000,"columns":10,"missing_values":{"CustomerID":0,"ProductID":0,"Quantity":0,"Price":0,"TransactionDate":0,"PaymentMethod":0,"StoreLocation":0,"ProductCategory":0,"DiscountApplied(%)":0,"TotalAmount":0},"dtypes":{"CustomerID":"float64","ProductID":"object","Quantity":"float64","Price":"float64","TransactionDate":"object","PaymentMethod":"object","StoreLocation":"object","ProductCategory":"object","DiscountApplied(%)":"float64","TotalAmount":"float64"},"stats":{"CustomerID":{"count":100000.0,"unique":null,"top":null,"freq":null,"mean":2.785327524e-17,"std":1.000005,"min":-1.7349056806,"25%":-0.8658763315,"50%":-0.002721291,"75%":0.86889421,"max":1.7317268481},"ProductID":{"count":100000,"unique":4,"top":"C","freq":25209,"mean":null,"std":null,"min":null,"25%":null,"50%":null,"75%":null,"max":null},"Quantity":{"count":100000.0,"unique":null,"top":null,"freq":null,"mean":-3.268496584e-18,"std":1.000005,"min":-1.554111688,"25%":-0.7788563745,"50%":-0.0036010609,"75%":0.7716542526,"max":1.5469095661},"Price":{"count":100000.0,"unique":null,"top":null,"freq":null,"mean":7.787548384e-17,"std":1.000005,"min":-1.7352491568,"25%":-0.8670244265,"50%":0.0019038206,"75%":0.862078556,"max":1.7300521029},"TransactionDate":{"count":100000,"unique":91025,"top":"4\/3\/2024 23:55","freq":5,"mean":null,"std":null,"min":null,"25%":null,"50%":null,"75%":null,"max":null},"PaymentMethod":{"count":100000,"unique":4,"top":"PayPal","freq":25067,"mean":null,"std":null,"min":null,"25%":null,"50%":null,"75%":null,"max":null},"StoreLocation":{"count":100000,"unique":100000,"top":"176 Andrew Cliffs\nBaileyfort, HI 93354","freq":1,"mean":null,"std":null,"min":null,"25%":null,"50%":null,"75%":null,"max":null},"ProductCategory":{"count":100000,"unique":4,"top":"Clothing","freq":25056,"mean":null,"std":null,"min":null,"25%":null,"50%":null,"75%":null,"max":null},"DiscountApplied(%)":{"count":100000.0,"unique":null,"top":null,"freq":null,"mean":8.938627616e-17,"std":1.000005,"min":-1.7337313876,"25%":-0.8684380976,"50%":0.0017646557,"75%":0.8648167576,"max":1.7266930943},"TotalAmount":{"count":100000.0,"unique":null,"top":null,"freq":null,"mean":-9.947598301e-17,"std":1.000005,"min":-1.3256482875,"25%":-0.8352996533,"50%":-0.241591876,"75%":0.6335022089,"max":2.9286226852}}},"ml_analysis":{"anomaly_counts":{"1":95000,"-1":5000},"cluster_counts":{"1":37952,"0":32079,"2":29969},"cluster_centers":[[0.0022332051,0.7458518878,0.8370839068,-0.062811483,1.212387392],[-0.0051421232,-1.0495598774,0.0667593986,0.0504736426,-0.7006321103],[0.004129458,0.5322329828,-0.9812029394,0.0032616633,-0.4099511235]],"summary_statistics":{"CustomerID":{"mean":2.785327524e-17,"std":1.000005,"min":-1.7349056806,"max":1.7317268481},"Quantity":{"mean":-3.268496584e-18,"std":1.000005,"min":-1.554111688,"max":1.5469095661},"Price":{"mean":7.787548384e-17,"std":1.000005,"min":-1.7352491568,"max":1.7300521029},"DiscountApplied(%)":{"mean":8.938627616e-17,"std":1.000005,"min":-1.7337313876,"max":1.7266930943},"TotalAmount":{"mean":-9.947598301e-17,"std":1.000005,"min":-1.3256482875,"max":2.9286226852}},"correlations":{"CustomerID":{"CustomerID":1.0,"Quantity":-0.0003426165,"Price":0.0028081787,"DiscountApplied(%)":-0.0043598971,"TotalAmount":0.0027320888},"Quantity":{"CustomerID":-0.0003426165,"Quantity":1.0,"Price":0.0017865758,"DiscountApplied(%)":-0.0036318572,"TotalAmount":0.6763643439},"Price":{"CustomerID":0.0028081787,"Quantity":0.0017865758,"Price":1.0,"DiscountApplied(%)":-0.0000682122,"TotalAmount":0.6178625344},"DiscountApplied(%)":{"CustomerID":-0.0043598971,"Quantity":-0.0036318572,"Price":-0.0000682122,"DiscountApplied(%)":1.0,"TotalAmount":-0.0652635035},"TotalAmount":{"CustomerID":0.0027320888,"Quantity":0.6763643439,"Price":0.6178625344,"DiscountApplied(%)":-0.0652635035,"TotalAmount":1.0}}}}