{"data_quality":{"rows":1228,"columns":4,"missing_values":{"Unnamed: 0":0,"TxnDate":0,"TxnTime":0,"Consumption":0},"dtypes":{"Unnamed: 0":"float64","TxnDate":"object","TxnTime":"object","Consumption":"float64"},"stats":{"Unnamed: 0":{"count":1228.0,"unique":null,"top":null,"freq":null,"mean":4.166048614e-16,"std":1.000407415,"min":-1.8212668792,"25%":-0.9876262545,"50%":-0.0589014226,"75%":0.9076020465,"max":2.0748742649},"TxnDate":{"count":1228,"unique":20,"top":"14 Jan 2022","freq":68,"mean":null,"std":null,"min":null,"25%":null,"50%":null,"75%":null,"max":null},"TxnTime":{"count":1228,"unique":1216,"top":"06:56:02","freq":2,"mean":null,"std":null,"min":null,"25%":null,"50%":null,"75%":null,"max":null},"Consumption":{"count":1228.0,"unique":null,"top":null,"freq":null,"mean":-5.78617863e-17,"std":1.000407415,"min":-0.7741898643,"25%":-0.7367478772,"50%":-0.6793935605,"75%":0.7794824117,"max":3.3124328426}}},"ml_analysis":{"anomaly_counts":{"1":1166,"-1":62},"cluster_counts":{"0":518,"1":390,"2":320},"cluster_centers":[[-0.823631668,-0.6211079859],[1.0769825976,-0.4209273572],[0.0028629631,1.5165470753]],"summary_statistics":{"Unnamed: 0":{"mean":4.166048614e-16,"std":1.000407415,"min":-1.8212668792,"max":2.0748742649},"Consumption":{"mean":-5.78617863e-17,"std":1.000407415,"min":-0.7741898643,"max":3.3124328426}},"correlations":{"Unnamed: 0":{"Unnamed: 0":1.0,"Consumption":0.1362472815},"Consumption":{"Unnamed: 0":0.1362472815,"Consumption":1.0}}}}